{
  "data": {
    "age": 18,
    "name": "John"
  },
  "flow": [
    {
      "id": 0,
      "type": "output",
      "content": "Hello, please enter your name"
    },
    {
      "id": 1,
      "type": "wait",
      "time": 1000
    },
    {
      "id": 2,
      "key": "name",
      "type": "input"
    },
    {
      "id": 3,
      "type": "output",
      "content": "Hello, please enter your age"
    },
    {
      "id": 4,
      "key": "age",
      "type": "input"
    },
    {
      "id": 5,
      "type": "condition",
      "comparison": {
        "if": 6,
        "else": 8,
        "match": [{"key": "age"}, "gte", 18]
      }
    },
    {
      "id": 6,
      "type": "wait",
      "time": 1000
    },
    {
      "id": 7,
      "type": "output",
      "content": ["Thank you (", {"key": "age"}, " years old) ", {"key": "name"}, ", we'll be in touch!"]
    },
    {
      "id": 8,
      "type": "flow",
      "flow": [{
        "id": 9,
        "type": "output",
        "content": "sorry, you're too young."
      }]
    }
  ]
}
